{"cameraMode":{"drawMode":0,"name":"Shaded","section":"Shading Mode"},"sceneLighting":true,"audioPlay":false,"sceneViewState":{"showFog":true,"showMaterialUpdate":false,"showSkybox":true,"showFlares":true,"showImageEffects":true,"showParticleSystems":true},"in2DMode":false,"pivot":{"x":-6.3675127029418949,"y":63.605770111083987,"z":-9.452798843383789},"rotation":{"x":0.3242075443267822,"y":0.09203112870454788,"z":-0.03170916065573692,"w":0.940965473651886},"size":7.586129188537598,"orthographic":false}